Belia,Shrubsall,789-15-0853,F,65,526999.54
Sutherland,Atherley,404-60-6791,M,67,585713.17
Zack,Jojic,363-08-1857,M,63,494094.14
Ethan,Dassindale,342-08-5729,M,22,120605.9
Sib,Foottit,840-82-7175,F,49,410952.42
Lauryn,Fromont,101-66-9938,F,61,946872.78
Filbert,Putton,281-03-7411,M,53,855447.25
Jennette,Fitzer,667-22-6335,F,31,351726.88
Ninnetta,Battleson,294-28-6916,F,71,428265.43
Constance,Beningfield,269-91-7713,F,65,231674.47
Denny,Beavan,634-68-2246,M,57,750502.58
Gerrilee,Duckett,702-43-0340,F,23,610858.23
Fax,Dunbobin,467-28-2350,M,19,938660.7
Ana,Jeffcoat,344-16-8758,F,47,690119.77
Tessi,Albiston,589-32-0178,F,46,956177.72
Kenyon,Ellard,843-07-6686,M,52,925383.27
Marlow,Blundon,230-39-0715,M,69,807067.98
Yulma,Duffit,855-16-6284,M,46,443945.87
Marquita,Leaf,500-14-2838,F,31,366413.54
Aldo,Barstock,629-83-2280,M,30,63779.5
Fee,Gracey,176-89-4536,M,25,833209.55
Filippa,Owlner,806-30-5211,F,44,246463.73
Kerrill,Hammerberger,161-92-5907,F,72,636923.35
Conrade,Matteacci,280-69-8701,M,70,602709.0
Dag,Klainman,364-92-8094,M,28,993228.12
Kimberli,Salkeld,703-35-1248,F,49,704432.0
Rriocard,Clement,816-75-6367,M,37,334640.42
Calli,Andino,688-81-0316,F,68,859208.1
Sherwood,Tripony,802-97-4196,M,62,88420.62
Madison,Woolaghan,409-96-7908,M,54,249040.22
Warren,Eastby,384-58-1282,M,60,163005.89
Hertha,Snasdell,265-90-2588,F,54,84262.39
Ingeborg,Gregory,664-69-1990,F,34,126548.04
Bethany,Pactat,337-73-6240,F,59,853992.7
Gran,Kestell,220-01-8716,M,52,392825.39
Lizzie,Knevit,303-50-7631,F,43,208088.05
Upton,Botham,152-02-0212,M,54,282674.0
Dalli,Woodrow,433-56-3962,M,36,734054.31
Cory,Bridgewater,142-59-6975,M,32,718055.13
Bertrando,Whitehorne,703-87-4531,M,31,688245.48
Gus,Small,822-27-7544,M,27,424022.62
Thia,Hatzar,413-22-0661,F,54,322733.4
Felice,Adamsen,106-02-2444,M,60,519972.55
Lexi,Servis,556-26-6050,F,72,817097.93
Joella,Swyer,482-94-0436,F,26,483311.18
Flory,Lethebridge,147-50-8476,M,45,310709.42
Nappy,Sore,882-36-5410,M,64,57823.6
Pate,Baile,616-74-9687,M,67,952758.99
Deva,Skydall,813-65-2969,F,34,913468.68
Merell,Brosetti,721-65-4078,M,60,287718.26
Darbee,Sauvage,256-17-4426,M,49,309330.0
Brynn,Colquhoun,263-08-9783,F,32,235366.92
Colby,MacRury,777-90-2204,M,68,776334.8
Berri,Beart,334-48-8027,F,56,325556.64
Eugenia,Corradengo,276-37-3324,F,23,621033.04
Mano,Gutcher,858-51-4874,M,30,914888.18
Dana,Bloodworth,636-18-9055,M,34,364762.48
Katalin,Dewer,166-05-6597,F,58,92680.08
Dorie,Foxworthy,482-86-9179,F,25,755940.51
Leodora,Tenpenny,196-29-4247,F,42,467229.7
Gideon,Iscowitz,658-65-0193,M,46,354210.58
Francklin,Willcox,251-55-0769,M,30,182182.1
Maryjo,Camilleri,307-40-3186,F,38,644196.04
Leo,Bassam,246-68-9258,M,61,986269.0
Marigold,Cape,716-81-4918,F,52,671927.31
Dorey,Tarpey,793-77-2606,M,56,175000.27
Nancy,Resun,281-29-8243,F,46,358822.55
Joachim,MacFadzean,686-82-8364,M,24,34436.33
Laurie,O'Roan,464-11-3827,M,44,135053.72
Florrie,Emanuele,801-32-3393,F,51,433171.81
Kelwin,Dubs,650-63-9276,M,69,611219.52
Kerwinn,Frisel,148-90-0715,M,32,784015.67
Roldan,Tatlock,454-60-6965,M,23,657558.82
Melly,Drewery,570-69-8823,F,50,36896.09
Gary,Corain,203-85-0730,M,69,782495.73
Haskel,Keilloh,200-51-9132,M,65,65606.14
Guillemette,Padefield,618-53-0736,F,21,52648.89
Boniface,O'Connolly,457-59-7179,M,24,59902.31
Sancho,Rabbatts,560-51-8769,M,28,707388.09
Jesselyn,Dubbin,676-03-5750,F,66,380626.15
Tony,Colqueran,864-36-9176,F,44,663941.44
Danit,Philipet,880-67-6397,F,34,759855.09
Zebulen,Yemm,538-65-2307,M,42,262239.76
Lilah,Cail,865-45-8236,F,68,667537.68
Laurel,McGarvie,707-65-6803,F,71,53047.2
Murial,Strivens,475-72-5508,F,67,670477.33
Paige,Chillcot,246-08-6397,M,25,187917.48
Lorna,Kingett,893-81-0095,F,53,697529.22
Giustino,Allsupp,562-35-8280,M,26,860020.76
Lucienne,Melliard,743-77-0887,F,58,622996.77
Mahala,Kennagh,596-85-8866,F,24,885808.13
Menard,Josuweit,220-99-1392,M,42,230125.86
Rivi,Churchouse,854-62-8188,F,42,857881.03
Westbrooke,Houndson,480-26-1139,M,28,110911.11
Helge,Horbart,611-21-4883,F,25,628986.47
Chanda,Mussettini,169-83-4998,F,70,941097.57
Ansell,Linck,771-32-6132,M,24,631357.17
Orran,Langfat,467-17-0878,M,46,757687.52
Dov,O'Hingerty,843-13-7622,M,28,869990.65
Daisy,Lintin,679-95-1253,F,67,101648.71
Kellia,Kerkham,501-58-3380,F,63,214241.88
Berton,Henstridge,755-44-7169,M,72,732235.0
Hercules,Elvidge,641-55-5998,M,38,183539.03
Harv,Cawthera,171-87-6709,M,35,890126.42
Fonzie,Gorce,235-41-1405,M,64,875264.01
Rance,Wrate,677-74-3386,M,63,207678.44
Jonell,Sydenham,703-45-4241,F,71,920171.93
Raul,Angelini,219-90-4945,M,42,333507.62
Ruben,Fane,600-64-1035,M,46,536276.37
Calvin,Carbert,230-64-2800,M,63,130245.14
Zebulen,Sherreard,130-11-7899,M,28,594028.39
Lissa,Zanardii,650-92-7217,F,19,725325.47
Marve,Hurll,416-42-0843,M,27,293027.65
Toiboid,Dohrmann,730-08-8071,M,67,256312.34
Evonne,Measham,753-34-8975,F,54,728858.15
Nils,Lace,278-30-6015,M,31,783347.69
Sterne,Gilston,384-60-5680,M,33,282198.61
Bernette,Sandcraft,457-33-7039,F,43,698366.74
Xaviera,McEnery,122-68-6204,F,58,887261.18
Quincy,Morforth,748-24-1229,M,19,310898.58
Reynold,Shillitoe,886-11-7740,M,47,552769.76
Addi,Birchill,412-26-1207,F,64,762869.86
Orly,Ilchuk,793-93-1867,F,61,460045.84
Tiena,Hindshaw,297-88-7260,F,49,468203.99
Erica,McFall,382-54-6886,F,37,734295.19
Lucienne,Di Biagi,581-10-3424,F,63,915257.89
Cirstoforo,Orrice,337-38-0220,M,69,217116.74
Conan,Gillard,449-06-7413,M,43,123376.95
Beltran,Strongitharm,391-69-2507,M,36,842930.3
Crosby,Robertsen,863-44-4699,M,21,33164.0
Lombard,Shobrook,468-63-3045,M,69,239067.35
Morgen,Kellert,721-36-7234,F,51,527189.12
Dewain,Drakeford,707-62-2452,M,30,997370.8
Leola,Nelligan,438-52-9812,F,41,805790.98
Kamila,Skae,312-44-3037,F,69,908592.73
Gil,Norquoy,179-49-9092,M,28,94797.73
Ignatius,Radleigh,771-45-6391,M,38,668869.02
Daffy,Franckton,274-68-2005,F,40,68954.52
Paul,Adds,456-24-9092,M,72,535353.19
Roderick,Largent,351-34-3774,M,45,390498.8
Justinn,Byford,528-26-7031,F,20,388236.19
Darbee,Ruane,102-49-8956,M,53,194266.71
Camala,Lockett,813-56-3861,F,72,534675.51
Bear,Sarchwell,831-11-1547,M,65,113839.54
Rudyard,Hinkens,223-26-1048,M,46,742456.03
Sheryl,Chate,860-58-0394,F,29,919322.6
Gaspar,Engelmann,294-50-5031,M,28,647427.87
Freddy,Bing,881-09-8379,M,20,886050.68
Feliza,Shepheard,180-11-3262,F,20,299871.31
Alic,Loftin,532-08-6663,M,51,346825.0
Lynsey,Farryn,646-75-2471,F,57,671154.64
Jarrett,Ogilvie,110-13-6504,M,50,373193.27
Katleen,Rooney,831-07-3830,F,52,306423.24
Ginelle,Conduit,203-64-3540,F,66,217553.7
Crissie,Padfield,721-58-5567,F,19,819878.3
Benedikta,Santhouse,820-99-0915,F,28,608766.39
Gardener,Deeth,731-76-3178,M,63,968312.55
Vince,Pullen,522-44-7425,M,42,993259.67
Nadine,Myford,369-33-5121,F,30,279396.38
Cally,Cockshutt,431-38-1956,F,57,868816.0
Sondra,Rizzini,445-14-9077,F,22,525722.95
Sax,Lambertz,119-36-8654,M,54,911040.2
Pepito,Carlsen,592-96-7948,M,71,279268.78
Harper,Luck,570-81-1395,M,32,564389.86
Seamus,Bouller,145-28-2046,M,48,83455.84
Libbey,Berrow,286-43-3628,F,31,982040.2
Aldo,Jensen,193-55-5723,M,70,963383.68
Donnie,Coats,370-53-4886,M,63,227899.79
Karyn,Vanin,669-68-3482,F,45,692967.59
Laurianne,Webb,790-57-8177,F,38,846464.68
Gretchen,Cescot,558-63-7583,F,33,163896.77
Christine,Yakushkin,343-16-7112,F,30,807566.96
Gray,Malin,897-10-7304,M,70,274941.61
Cob,Spelsbury,813-91-6923,M,28,897050.2
Rasla,Muldowney,440-95-8233,F,35,420634.72
Fania,Hillaby,447-16-7804,F,53,151338.16
Ludwig,Hellens,552-36-5670,M,29,404303.54
Melonie,Collingridge,633-98-0614,F,45,537879.24
Lavinia,Baigrie,337-77-2603,F,41,774794.0
Blisse,Avramchik,830-65-8695,F,61,874627.0
Mechelle,Jakobsson,105-46-6591,F,45,103916.45
Jorrie,Brolechan,708-61-1315,F,33,42521.31
Dulciana,Hawkings,120-39-4999,F,26,628018.51
Jeremy,Quiddington,563-99-0495,M,41,442802.03
Rosemonde,Hendrik,852-22-3705,F,62,269826.41
Ulysses,Enga,549-35-7444,M,20,840555.8
Izabel,Lattimer,839-90-9881,F,40,925011.41
Berrie,Gloucester,438-96-6791,F,61,963869.0
Lela,Woodruffe,246-40-1606,F,45,339022.88
Rorke,Pilbury,305-62-0754,M,61,903567.96
Phelia,Hackforth,141-37-8928,F,46,790018.1
Sarajane,Gater,389-59-7285,F,32,658336.37
Brett,De Lascy,442-87-1059,M,57,929591.97
Linette,Wisniowski,751-14-1481,F,61,84608.66
Michal,Rosthorn,142-22-1404,F,61,800416.32
Lotte,Torricella,755-76-4370,F,25,212668.9
Gwyneth,Aiskrigg,787-91-3600,F,22,260517.75
Vickie,Spellacy,829-82-3562,F,39,65696.34
Shawn,Peyntue,412-80-3216,M,65,943022.0
Billie,Moye,794-83-3215,M,31,227122.49
Bogart,Bambrough,215-25-6283,M,55,71336.44
Morlee,Bilney,487-61-6450,M,36,50600.91
Georgeanne,Ferminger,719-32-9863,F,21,124821.35
Ervin,Ricardet,796-57-9369,M,60,419641.2
Alasteir,Damper,412-88-5517,M,20,872425.89
Tait,Cregin,643-16-7342,M,36,35179.54
Gaultiero,Garron,800-09-8806,M,24,218592.22
Glynda,Chislett,766-59-8069,F,70,671616.53
Larina,Gawn,777-57-4839,F,21,136871.06
Ninette,Berthouloume,721-09-9248,F,61,485278.8
Rockey,Quenby,178-52-7592,M,48,999607.87
Lusa,Lindholm,558-81-3904,F,69,995747.17
Augustin,Sayles,852-31-9163,M,19,881990.86
Cy,Bailes,233-62-4478,M,30,970924.44
Lee,Whetnall,483-92-4194,F,72,981396.41
Gilda,Kinchley,491-32-3606,F,53,328333.19
Caressa,Petrasch,151-87-1955,F,66,150712.79
Carol-jean,Langthorne,475-63-6937,F,28,392990.24
Wake,Leblanc,580-66-2813,M,18,401455.26
Shell,Patriskson,300-49-8709,F,37,414837.93
Johnathan,Kleinzweig,291-21-0537,M,39,303963.79
Claudius,Cerman,822-40-2838,M,38,839588.46
Patric,Bandey,367-61-8143,M,71,603783.81
Ashley,Keat,192-69-1228,M,27,940226.67
Harman,Fennessy,189-90-7984,M,40,692706.76
Gifford,Weigh,453-53-5165,M,52,284881.17
Fernandina,Cropper,675-52-0109,F,50,584272.78
Susanna,Cesaric,274-51-0519,F,39,179421.81
Gnni,Loveday,520-82-9156,F,31,565188.69
Rosetta,Brogini,370-39-5608,F,18,726314.4
Pearle,Scrine,158-51-8861,F,44,298456.34
Chev,Rannald,869-28-2394,M,34,480570.53
Shandy,Stiell,135-06-1331,F,66,633733.35
Tristan,Kirkness,204-29-6510,M,40,527767.16
Carmita,Brimblecombe,512-11-7517,F,63,136339.06
Tiffany,Wyne,331-28-4814,F,42,889637.02
Chan,Stickels,360-43-0046,M,72,885582.51
Clark,MacCaig,707-18-3434,M,57,929513.8
Rey,de Banke,109-31-5767,M,54,243664.42
Margaret,Nursey,557-60-8795,F,48,289171.71
Johnna,Withrop,864-51-0567,F,25,616901.14
Kristoforo,Artinstall,225-38-3109,M,46,720703.37
Genna,Librey,458-13-9786,F,19,597625.63
Shela,Torrijos,849-09-1925,F,23,45129.9
Brian,Meenehan,155-42-2131,M,23,155204.03
Irina,D'Antoni,603-23-1613,F,39,922746.45
Milicent,Walter,850-40-2175,F,33,212182.02
Batsheva,Redwin,725-05-0469,F,71,225955.01
David,Christoffe,635-86-6750,M,27,449767.41
Ingaborg,Hemphill,575-48-7007,F,20,398543.22
Halsy,Tutchell,394-21-7417,M,56,50198.5
Yule,Trank,490-98-9347,M,70,511675.0
Merwyn,Tineman,451-03-9713,M,46,757334.81
Karly,Salsbury,668-08-7434,F,57,841270.9
Blaire,Wilce,739-53-4624,F,52,892928.07
Giorgio,Wiskar,372-26-6522,M,32,360403.91
Grace,Brislane,632-74-9192,M,41,680749.88
Bradley,Talman,543-48-1904,M,20,647744.34
Davey,Fetherstonhaugh,597-26-3103,M,70,367322.11
Hedi,Venable,806-23-6645,F,70,994981.38
Stavro,Seine,633-21-4209,M,62,142102.77
Stafani,Jefferys,807-24-4419,F,43,251109.62
Kissee,Stag,373-83-1437,F,62,131039.0
Sanford,Nurcombe,590-42-0215,M,35,159707.23
Everard,Crust,731-40-5755,M,40,861985.86
Diahann,Dunseath,573-26-5222,F,47,141171.66
Bryn,Lougheid,153-52-2066,M,72,416213.52
Rowe,Jeves,412-63-0531,F,60,132311.5
Collin,Morrel,824-30-9507,M,22,371079.7
Sansone,MacGiffin,173-93-6701,M,30,273228.14
Hilarius,Jewell,351-26-7021,M,55,514689.77
Gisella,Jillard,728-11-3322,F,50,316130.52
Wildon,Lockyear,737-36-5134,M,30,401595.71
Lyn,Terrelly,175-55-4340,M,30,538242.0
Rollo,Dan,407-97-3021,M,37,709337.22
Sileas,Killock,452-25-2885,F,32,96763.28
Merwyn,Shawley,723-64-4955,M,40,579352.47
Leslie,Lionel,520-32-5026,M,54,404476.28
Dayle,Baggaley,387-14-0040,F,20,591555.28
Karlis,Trematick,607-56-4835,M,61,728347.58
Christian,Grabert,648-51-3096,F,26,779496.04
Maynard,McKie,743-49-0359,M,23,994065.61
Trudy,Ainscow,453-55-0523,F,42,471096.63
Galven,Dunbavin,724-37-4272,M,27,427648.55
Willie,Drake,712-97-5603,M,41,806647.53
Dorice,Teodoro,548-13-5363,F,40,709093.47
Karylin,Corkett,225-20-5467,F,38,299309.6
Scotti,Thorneley,172-16-0264,M,56,169586.37
Neal,O'Teague,154-44-2600,M,19,364914.69
Arley,Issatt,212-47-4660,M,67,294425.87
Karee,Rash,721-04-1930,F,18,308329.44
Eduard,Wayland,535-44-0798,M,44,451028.19
Gibby,Dunstall,885-13-0421,M,30,731683.08
Archie,Sanders,728-56-3906,M,42,912716.88
Lynnell,Castellet,369-57-7209,F,66,414057.98
Elizabeth,Dooland,382-94-3598,F,31,820418.47
Licha,Molan,298-78-1371,F,66,715512.65
Hebert,Boog,367-53-0012,M,48,313595.93
Thaddus,Yuryatin,767-23-6293,M,39,52661.21
Barnard,Driuzzi,499-77-2228,M,28,526637.51
Robinia,Aronstam,766-52-0599,F,18,335805.76
Felipe,Tomlin,696-37-7656,M,24,864926.95
Francis,McWaters,282-05-7721,M,38,963071.27
Reinaldos,Nockles,809-82-8474,M,60,701852.71
Dalli,Barrs,230-94-5728,M,72,876395.07
Panchito,Henaughan,664-72-9711,M,63,364092.77
Maurizio,Philpin,144-57-0366,M,24,368712.66
Annabela,Ishak,530-08-5459,F,60,537864.64
Gretna,Kohneke,702-49-6746,F,18,301236.92
Evania,Poytres,890-59-8237,F,61,633469.64
Brittney,Procter,465-97-7470,F,52,722753.0
Carline,Fasey,521-36-9892,F,31,907184.61
Correy,Woodison,567-53-4859,F,59,990673.89
Essa,Ruberti,202-24-0428,F,59,746379.57
Jannel,Padell,520-53-3274,F,71,831857.13
Kendall,Lightoller,339-17-1442,M,33,741870.52
June,Leidecker,460-47-0573,F,72,983728.18
Dottie,Blay,133-89-9172,F,59,548758.75
Savina,Parkeson,370-10-3551,F,19,725070.71
Carmon,Manuele,204-94-3325,F,29,75771.58
Lizette,Stammler,582-36-8143,F,23,191184.13
Lindsey,Brand-Hardy,136-56-0194,F,41,285945.79
Rhodie,Waud,196-84-3412,F,47,942365.14
Dyana,Leteurtre,321-51-1451,F,59,844094.4
Selena,Sheldon,108-62-7803,F,60,327831.36
Madonna,Carpenter,152-59-2753,F,35,427918.11
Barret,Morson,121-76-0793,M,67,309445.11
Elsa,McGrayle,887-99-5286,F,41,262080.73
Emanuel,Poletto,265-10-1415,M,39,734860.78
Rora,Escudier,824-98-9071,F,47,98982.64
Basilius,Dawe,429-28-8440,M,19,297484.12
Aretha,Risdale,766-80-6521,F,23,510746.64
Nadia,Yerlett,675-80-9894,F,39,943602.7
Easter,Hazel,331-80-9106,F,71,96387.7
Ardeen,Papworth,310-22-7815,F,54,690777.0
Trent,Elcott,772-53-6716,M,49,141935.96
Lucy,Matasov,176-65-6479,F,31,968262.12
Kris,Banville,524-40-9494,F,49,501209.6
Doretta,Warry,283-49-4680,F,24,543816.78
Sherm,Dudbridge,324-03-8505,M,37,307754.82
Talbot,Camel,229-59-3340,M,61,186904.35
Guillemette,Ledes,429-59-8969,F,30,385511.52
Lyman,Andrelli,139-45-7667,M,72,830192.91
Kally,Hardage,778-06-9334,F,30,360699.37
Carny,Edworthie,811-71-5527,M,49,201081.88
Marcy,Danniell,439-37-8795,F,49,30244.4
Rozanne,Spowart,158-61-0679,F,57,825922.61
Vivian,Coultas,839-91-3726,F,35,657299.95
Kylynn,Claw,618-37-9478,F,21,262460.57
Tana,Chrismas,663-80-6378,F,68,86842.12
Catharine,Rodway,860-67-8883,F,50,418201.48
Gigi,Verdie,435-28-1580,F,56,827313.76
Pepillo,Barus,629-08-0849,M,66,324547.28
Pierson,Steptowe,464-40-1669,M,59,421325.66
Dermot,Drysdale,405-35-8602,M,56,706743.59
Gerald,Lynock,418-34-9469,M,46,76171.67
Ashlie,Bossons,854-51-7629,F,32,855860.65
Torr,Brehat,455-12-0519,M,23,512036.89
Grenville,Ryde,494-50-8019,M,38,808341.32
Elspeth,Ritchard,874-04-6662,F,54,37378.56
Olia,Stachini,116-94-3687,F,28,302927.0
Des,Boken,382-79-5471,M,23,265149.89
Dylan,Stirzaker,365-05-7811,M,59,969526.75
Bald,Coppard,776-74-2689,M,66,213420.0
Austen,Eustis,317-21-2530,M,44,261044.76
Timi,Getten,865-14-1089,F,35,285504.49
Misti,Gorry,647-25-7838,F,27,71585.0
Trudie,Leith,665-43-2281,F,23,682793.64
Cleo,Sigsworth,539-53-5496,F,56,453919.16
Lief,Robertz,515-71-7593,M,47,795281.25
Pepito,Idenden,280-11-6177,M,44,778170.0
Elbertina,D'Costa,683-18-1944,F,64,626056.37
Tymothy,Filisov,281-81-2986,M,31,392823.0
Joice,Izzat,420-12-0752,F,55,443992.0
Corrine,Baraja,138-64-5017,F,62,469125.21
Caro,Musla,121-38-6336,F,44,175336.52
Brendin,Tante,486-42-7527,M,65,430046.6
Carine,Alans,780-03-1125,F,53,915585.92
Jerrylee,Presidey,432-75-7350,F,25,190251.74
Kippar,Bothie,278-52-2181,M,34,483165.24
Shandra,Lottrington,660-56-1694,F,25,44510.33
Raul,Warry,718-97-8769,M,38,127044.9
Vitoria,Teggart,326-19-8760,F,48,546586.17
Wallie,Beccles,622-18-5021,M,58,909528.24
Nikolai,Joint,206-90-1233,M,29,810939.19
Tanya,Gives,423-51-9572,F,37,848751.18
Rosina,De La Haye,283-84-0783,F,25,673677.31
Laurene,Sherreard,510-55-4729,F,66,957281.0
Colver,Milne,139-78-5993,M,47,394867.1
Sharity,Quick,844-91-3458,F,61,688860.59
Georgeanne,Fieldhouse,641-21-6668,F,25,619864.75
Eadmund,Gebbie,327-92-2244,M,72,872188.6
Wendi,Lowther,723-37-9046,F,31,972471.73
Francine,Kleinert,364-32-0523,F,23,763841.16
Burton,Guslon,671-85-1889,M,72,678221.73
Rafael,Barrabeale,174-88-0315,M,47,553189.98
Cesya,Strelitz,320-96-9378,F,51,383634.3
Diannne,Coultass,343-15-0666,F,23,700788.43
Kipp,Ervin,534-10-1898,F,42,536861.55
Ode,Vreiberg,506-08-8098,M,32,534204.46
Forest,Gosling,882-69-7697,M,46,836712.3
Lindsay,Zavittieri,328-59-0183,M,34,895256.72
Nanice,Korb,608-30-2661,F,29,93055.1
Lorrayne,Tuke,356-03-8379,F,60,274878.0
Sheelagh,Florez,311-57-1320,F,28,49509.07
Gaven,Forgie,760-17-0384,M,38,398522.73
Loutitia,Walesby,169-06-6378,F,43,143516.92
Amelita,Shovlin,782-09-5120,F,70,35964.67
Syman,Eberdt,526-43-9619,M,49,816490.38
Quent,Prayer,497-82-3011,M,33,475531.91
Glennie,Faltskog,695-32-7482,F,51,721010.71
Zorina,Doust,329-76-9521,F,27,861272.39
Armando,Martino,373-02-9643,M,33,521847.0
Cash,Calcott,587-58-1827,M,57,54728.88
Had,Skegg,674-67-8837,M,63,692631.8
Inglis,Franzonello,563-94-8125,M,53,630109.28
William,Blockey,560-05-5393,M,69,79751.68
Candis,Jepp,893-23-7450,F,56,30923.38
Eugine,Gawke,515-85-2913,F,31,435300.25
Nert,Spohrmann,437-44-0080,F,57,396103.73
Madelaine,Arlidge,210-87-0473,F,38,140529.39
Quintus,Bouchier,857-35-0691,M,31,629683.57
Hayes,Troth,571-63-5319,M,63,477380.98
Kaleb,Alishoner,784-21-3704,M,70,41654.28
Pammi,Quilter,891-51-0565,F,38,649587.48
Hector,Whyard,313-53-9845,M,58,211555.56
Giorgia,O'Fergus,211-72-5484,F,45,223190.27
Elvin,Sunshine,738-35-6649,M,58,635938.82
Lee,Hesey,886-44-3567,M,69,508977.84
Fanya,MacGiany,760-14-8464,F,57,982023.22
Annnora,Scrowton,242-35-5825,F,34,919308.16
Thomasina,Lamprey,735-49-6542,F,22,472397.06
Oona,Crowche,473-68-7433,F,45,878778.96
Henrieta,Deluca,455-76-5827,F,62,653724.4
Elita,Pettigrew,823-19-8005,F,23,978974.11
Reynolds,Murt,429-17-2490,M,50,532545.9
Hetty,Romanetti,513-25-0096,F,68,527761.73
Napoleon,Gregoriou,844-20-9185,M,30,888260.04
Marylinda,Toope,526-98-2718,F,68,921219.59
Edvard,Pashby,755-75-6603,M,41,922299.34
Drona,Melloi,614-96-6429,F,31,218968.64
Phylis,Earingey,593-86-9368,F,23,202154.14
Lorita,Spawton,697-67-3749,F,68,557900.04
Hewet,Eveling,556-58-4793,M,71,76490.87
Kevina,Flaunier,311-77-5072,F,32,789045.79
Garrard,Petrakov,357-92-9410,M,26,476100.77
Arman,Luchetti,517-28-1202,M,54,216065.24
Valida,Harmston,562-87-2799,F,26,764781.36
Mala,Vallens,795-29-4397,F,45,705335.98
Lindsy,Jozefiak,759-46-0383,F,53,923944.73
Cornela,Vamplus,839-60-5292,F,72,956317.88
Dominick,Platfoot,604-03-6693,M,21,563420.6
Mirabelle,Dykes,251-07-9571,F,21,328681.56
Merline,Petzold,618-30-6251,F,25,33520.67
Baudoin,O'Deegan,387-70-0177,M,54,524866.21
Jo ann,Gelder,313-47-1664,F,25,700587.53
Cort,Gorvette,559-40-1982,M,35,151008.49
Oriana,Feldmesser,856-36-6790,F,64,969566.89
Bobbye,Bartosiak,534-92-2112,F,59,459405.8
Hetti,Batchelor,647-97-1708,F,30,71563.56
Giraldo,Nelthropp,895-68-8050,M,53,914036.21
Tommy,Coggen,772-27-2215,F,56,479499.26
Ciel,Francke,572-25-3586,F,67,36537.54
Kit,Stovin,796-39-0992,F,38,675350.31
Symon,D'Costa,424-70-4598,M,30,987982.79
Tristam,Buzza,343-04-6611,M,33,952035.16
Pavia,Graffin,327-59-6732,F,47,397016.87
Ivan,Croal,569-75-4873,M,33,523610.83
Charo,De Clairmont,839-78-9157,F,48,204117.73
Twyla,Loft,651-16-3698,F,26,76081.53
Gerrie,Botton,111-43-8772,F,66,733520.51
Yettie,Frandsen,864-49-5585,F,39,636427.7
Bennie,Pherps,320-59-6087,F,43,437255.3
Onfroi,Christopher,601-94-2698,M,36,317339.44
Nicolai,MacCallam,899-49-3545,M,41,449515.44
Marchall,Oakhill,128-46-9994,M,56,464608.97
Frederique,Brunini,298-35-0046,F,70,817697.87
Kit,Durbann,516-73-6442,M,22,844963.41
Hillier,Ohlsen,581-31-8872,M,60,567729.0
Sam,Stannislawski,441-39-5529,M,56,142764.12
Harry,Hamer,737-99-9089,M,43,551437.79
Ber,Pydcock,231-15-2262,M,33,228341.4
Fabien,Portal,643-42-7237,M,62,550044.52
Vicki,Harback,894-19-7150,F,62,844306.83
Burton,Yesichev,332-97-9062,M,49,678456.27
Celestyna,Dugald,316-52-6947,F,51,139488.14
Darda,Tant,182-51-0827,F,48,645148.5
Marni,Chetter,289-45-7095,F,45,813144.09
Ramsey,Sweetnam,550-34-6857,M,44,109916.52
Benita,Ghidoli,600-64-2739,F,39,396062.37
Coretta,Sharland,509-52-1232,F,40,647150.52
Mariel,de Banke,855-34-8603,F,21,330499.1
Ki,Wooff,613-10-7687,F,45,753455.95
Fitz,Lintott,489-98-6462,M,72,548965.97
Ashla,Gilli,567-24-4102,F,59,418721.73
Aguistin,Swayte,410-05-3801,M,70,121403.03
Ulysses,Masding,538-08-1310,M,47,710072.25
Jemmie,Studholme,431-10-4530,F,24,383977.5
Evelin,Keneforde,796-81-7879,M,25,344153.31
Cly,Cockitt,316-81-6642,M,39,204069.64
Dinny,Elener,610-79-2381,F,18,949211.76
Lillian,Costley,670-58-1151,F,26,173649.48
Olia,Iglesia,397-53-3657,F,62,816866.73
Gretna,Nulty,518-87-7268,F,20,832948.07
Teriann,Leggin,590-51-0225,F,22,586511.77
Berke,Denison,187-33-8085,M,60,381861.49
Gabrila,Gladdolph,621-47-7489,F,59,510972.07
Ailis,Ramsden,733-74-7130,F,67,979676.77
Rudolfo,Stainsby,845-78-3946,M,30,248442.07
Lane,Wilmore,109-35-5193,F,67,751955.65
Ysabel,Enga,661-56-1121,F,34,269697.5
Carrol,Nolder,661-21-9607,M,63,569161.05
Gabi,Garett,357-76-4381,F,58,989860.7
Esteban,Cato,663-88-9501,M,44,228820.2
Morgan,Reichhardt,472-46-8248,M,36,291953.4
Olympia,Schaffel,702-28-7873,F,22,677932.16
Nico,Sainsbury,649-72-3034,M,34,574139.07
Ursala,English,852-34-7085,F,24,460087.67
Kerrie,Ivett,622-35-7941,F,36,624877.69
Raymond,Loosely,427-91-9712,M,21,161557.22
Zeke,Pach,798-86-8975,M,23,89973.15
Sidney,Daniells,435-81-8225,M,62,273370.55
Taddeusz,Bremmell,548-83-6403,M,29,896466.73
Giavani,Houten,688-38-0497,M,55,163365.45
Ann-marie,Oade,805-35-2183,F,31,318584.97
Findlay,Tulleth,130-72-9848,M,57,559015.3
Berne,O'Cahey,547-71-7717,M,24,153072.23
Devin,Zuenelli,458-23-3735,F,65,579918.29
Any,Barrass,461-23-0131,M,34,300618.15
Laughton,Hardy,725-76-5869,M,63,104799.75
Imogene,Andreasson,299-17-1684,F,49,94796.89
Tracey,Hazel,274-47-2193,M,53,129645.06
Emogene,Burmaster,638-11-9897,F,35,446876.7
Benny,Lansley,560-95-3546,M,22,999378.28
Huberto,Wayon,185-77-0380,M,37,143593.58
Maurise,Walder,595-21-9203,M,49,227636.93
Urban,Theuss,364-41-0504,M,45,810964.07
Veronike,Giacoppo,832-13-4168,F,27,919866.94
Kati,Behn,240-05-3521,F,50,413985.88
Jdavie,Deas,862-79-0178,M,44,843150.75
Elyssa,Gouck,301-91-0272,F,47,382371.37
Emilee,Laroux,329-67-0770,F,25,291591.98
Netty,Putman,466-20-5704,F,33,957371.72
Lusa,Serot,269-04-0222,F,37,109006.34
Linn,Rawsthorne,152-26-0704,M,49,732553.94
Tasha,Hugh,146-88-4230,F,58,711647.41
Salem,Hayley,528-03-8572,M,60,933588.17
Cornelia,Yashanov,558-70-6234,F,55,398118.36
Christan,Common,140-03-2395,F,63,949853.49
Yehudit,Maltster,603-94-6309,M,54,785810.8
Avery,Temby,581-61-9909,M,70,83383.15
Ikey,Dank,799-36-9483,M,52,574786.53
Konstance,Dymick,759-37-1104,F,20,371657.71
Butch,Frobisher,864-86-5943,M,47,623644.63
Monroe,Jerdon,888-57-0901,M,56,973730.52
Bertie,Watson-Brown,701-46-9393,M,24,855531.0
Pepe,Avramow,660-03-7902,M,46,904700.28
Issiah,Dinneges,707-73-9738,M,26,251257.79
Gerhardine,Lucien,779-73-1850,F,43,355301.0
Flossie,Millsom,497-59-2526,F,56,986074.14
Alleyn,Springle,262-13-7479,M,40,693642.46
Lowe,Bleacher,672-77-9083,M,47,421084.85
Paulo,Ellaman,426-74-8390,M,69,155188.63
Alexia,Smyley,878-59-4669,F,35,568812.8
Toinette,Screwton,672-03-2553,F,32,553114.5
Elva,Gadault,100-38-0888,F,55,210206.89
Mildred,Braime,322-60-2602,F,31,116437.03
Fabiano,Presnall,747-43-8972,M,48,328422.05
Tommy,Wateridge,711-08-6181,F,24,655020.01
Carissa,Topliss,313-53-2369,F,58,713790.51
Cordelia,Lucken,530-76-7920,F,62,358592.45
Marcela,Le Brun,873-06-0651,F,66,898205.13
Lorens,Shea,134-58-6585,M,50,780016.59
Lanie,Waterhous,663-97-4663,F,37,749926.27
Baxter,Langmuir,797-02-5323,M,52,551051.56
Inessa,Hallagan,276-90-4927,F,52,312280.86
Christoph,Bielfeldt,417-64-0500,M,68,190343.27
Maurine,Possa,223-83-0921,F,69,290128.37
Allin,Whewell,754-44-6687,M,54,257420.7
Torry,Thatcham,218-01-3736,M,50,518023.95
Martyn,Martinovsky,356-13-2560,M,72,220275.93
Ronny,Bagster,205-21-1983,F,54,303862.1
Dory,Stallibrass,500-96-0971,M,19,846374.52
Mile,Engall,141-49-5571,M,58,380747.86
Thedric,Guisby,686-88-9509,M,18,900704.58
Janenna,St Quenin,491-57-2675,F,50,427516.99
Tawnya,Salvador,578-26-0645,F,62,35236.43
Ozzie,Dziwisz,689-57-3683,M,22,536106.0
Emlyn,Hartzog,482-80-9370,M,42,881513.88
Lexy,Howison,732-24-6421,F,67,696281.76
Herminia,Hattrick,290-31-8043,F,41,315123.49
Robert,Hollington,256-19-3002,M,22,413145.0
Benedikt,Treat,273-22-1829,M,59,103958.07
Sanson,Leynham,267-87-9423,M,72,507457.96
Miles,McVeagh,467-49-4867,M,55,549144.56
Collette,Cardon,288-73-9616,F,52,67942.13
Leshia,Vaudrey,612-04-5553,F,48,880557.24
Hussein,Grassett,459-31-3394,M,72,823230.96
Lula,Heugh,663-23-0213,F,35,987179.1
Hayes,Vynarde,117-21-4304,M,21,352426.96
Dominik,Geeson,668-32-3238,M,55,742830.71
Pansie,Cambden,692-30-4634,F,57,481921.76
Fleur,Esch,582-50-2333,F,28,155928.55
Allegra,Dudley,579-59-0800,F,24,495788.35
Justin,Boshers,741-29-1832,M,38,213664.04
Farr,Gorgl,896-69-2406,M,31,500527.63
Olag,Gimeno,250-69-5701,M,58,230081.4
Salomon,Dawidowsky,170-34-9556,M,72,233708.0
Deck,Waterman,392-03-6606,M,31,864871.62
Valentin,Cruickshanks,276-02-2478,M,58,437183.95
Gerladina,Wheatland,390-12-7792,F,55,471800.15
Eileen,Laurens,559-41-9004,F,21,831353.8
Dare,Shutle,860-26-8929,M,55,310328.07
Cyrus,Antunes,163-84-7492,M,60,602660.49
Charles,MacAlpine,713-60-5418,M,69,948420.16
Hewett,Dwelling,574-45-4647,M,50,470503.59
Chicky,Reichelt,706-88-1559,F,54,407011.01
Annie,Foster-Smith,880-13-3102,F,58,486003.37
Biddy,Quilter,888-52-2499,F,69,932307.14
Pat,Dunkerley,215-74-0908,M,47,322068.42
Raddie,Olcot,114-83-7533,M,21,616787.21
Liv,Giaomozzo,345-74-6657,F,34,649095.26
Melva,Foynes,146-87-6440,F,35,272556.0
Tove,Yansons,505-51-5457,F,42,846952.53
Lucius,Wernham,106-86-0106,M,51,763184.0
Simonne,Dugmore,615-84-6936,F,68,272763.86
Shoshanna,Blaase,376-88-1493,F,41,243340.37
Sheridan,McGoogan,882-25-9263,M,53,404016.17
Sorcha,Millier,183-54-2858,F,32,486513.28
Eadmund,Bath,407-10-9249,M,25,933030.27
Sidonia,Suckling,191-71-3163,F,37,910560.0
Demeter,Vance,123-47-0134,F,48,593471.75
Christabella,De Giovanni,319-59-4487,F,40,956835.26
Amanda,Fardo,176-54-2450,F,22,351483.55
Carline,Baty,207-57-5277,F,44,73648.8
Vina,Wookey,597-82-3369,F,40,266063.93
Kaela,Thomazet,850-15-3595,F,59,372560.8
Sheela,Timbrell,357-20-5125,F,18,904849.68
Mozes,Tinson,100-83-8929,M,20,458888.66
Calvin,Reboulet,450-78-5665,M,65,880383.0
Gail,Carpmile,862-87-2488,M,69,573583.42
Hilary,Roskruge,116-73-0237,F,51,275815.97
Correna,Tunnah,787-12-8535,F,40,971062.69
Moshe,Mundow,255-01-8746,M,31,153935.51
Ulysses,Worthington,811-78-8998,M,28,69765.63
Elisabetta,Sevier,687-61-7365,F,57,479907.58
Rhys,Oldroyde,445-21-5839,M,30,171927.58
Madlen,McLoughlin,282-88-3380,F,41,126491.68
Sherilyn,Karpychev,812-51-1161,F,36,116109.48
Michell,Vuitton,326-46-2837,F,21,727843.0
Chadd,Reiner,277-03-0370,M,29,543624.07
Forrester,Cadamy,193-80-1936,M,67,932417.18
Ingra,Leidecker,191-67-0909,M,25,504510.2
Gabriell,McLenaghan,807-97-1437,F,54,474978.51
Des,Chessun,268-94-0947,M,59,99075.24
Idaline,Ferby,544-37-7020,F,39,587490.55
Jarred,Revie,885-52-9980,M,57,210957.63
Moselle,Laise,387-41-5549,F,53,468939.7
Deidre,Harlowe,505-77-9920,F,50,528365.03
Rori,Kender,270-50-0939,F,42,419678.22
Lorna,Dobbin,837-54-3406,F,22,983980.37
Benjamen,Noriega,694-84-9469,M,28,412143.88
Margaretta,Hardcastle,882-08-2168,F,71,718854.91
Tabbie,Klinck,356-63-0487,M,66,374353.26
Gianna,Paoletti,809-66-3933,F,25,468941.45
Dulcy,Ridings,713-22-5120,F,49,189713.73
Jonathan,Rudderham,881-21-9071,M,30,399709.42
Torrin,Willicott,768-17-6355,M,47,33813.64
Pete,Worsfold,764-81-7865,M,30,673134.05
Ermanno,Goodwin,206-10-8229,M,68,724744.88
Sile,Bezant,327-75-0212,F,42,283378.89
Dwain,Cristofor,236-99-2104,M,61,985824.3
Karena,Kenneway,105-43-0024,F,43,384441.68
Samson,Beckenham,344-73-2676,M,70,873410.02
Valli,Castanie,789-31-3228,F,44,64768.68
Bearnard,Binder,879-84-6764,M,34,720973.31
Teresina,Kiggel,423-21-7476,F,59,679628.92
Tobin,Philipsen,646-77-1779,M,53,252337.19
Sigismond,De Maine,500-62-5635,M,31,181743.8
Dido,MacDermid,830-95-3174,F,61,91527.44
Doy,Idwal Evans,356-97-9356,M,41,551923.85
Lannie,Jasik,437-43-2523,M,39,353372.82
Justino,Bolte,610-17-4202,M,35,802163.61
Darby,Surcombe,254-80-7567,F,19,345404.22
Wendi,Lecky,275-94-2314,F,56,738528.11
Mariellen,Lanmeid,424-17-7844,F,34,910968.5
Mommy,Beneteau,598-75-4445,F,35,268045.93
Horten,Selvey,743-82-0850,M,66,136497.57
Yasmin,Keyzor,757-25-1136,F,29,586660.26
Fina,Nolleau,384-39-6486,F,39,676959.43
Doria,Gallihawk,372-55-4809,F,40,333226.07
Josselyn,Cousins,854-26-3493,F,37,790146.75
Galven,Garroway,107-32-8202,M,41,503302.39
Terrel,Duchesne,451-91-5707,M,57,450014.74
Teresa,Housby,411-57-7672,F,52,278109.14
Joanna,Corneljes,122-41-2723,F,41,814516.04
Thea,Rustan,286-61-0199,F,27,917887.28
Tyler,Dispencer,881-39-8901,M,63,35941.81
Luciano,Viger,872-48-0130,M,53,65107.15
Lynett,Rousby,828-32-2789,F,52,217037.7
Frederigo,Elcombe,630-18-1203,M,44,268531.88
Tirrell,Wenn,500-47-3063,M,27,442609.29
Tani,Clinnick,899-08-4924,F,43,744575.24
Bride,Swynley,210-93-0021,F,19,410156.62
Tye,Bywaters,845-75-7721,M,53,407819.34
Stearn,Rubinsky,575-15-0985,M,51,343541.64
Norean,Megson,598-52-3943,F,65,578147.13
Ric,Cleeton,357-25-7215,M,71,618146.87
Rosabella,Dunstan,233-18-0614,F,43,111816.46
Ingunna,Oag,676-34-1141,F,68,676702.44
Jessee,Menaul,111-41-0902,M,18,848666.43
Barbabas,Das,401-82-3559,M,64,822691.0
Daniel,Ferrieres,815-90-5300,M,55,156325.0
Vanessa,Haskey,503-39-3230,F,70,451238.91
Alec,Muckleston,278-04-5314,M,58,660706.77
Sammy,Kovnot,116-26-8909,F,42,340156.89
Niles,Latour,700-49-5480,M,23,202984.97
Liz,Shubotham,823-41-9307,F,26,270722.97
Elias,Hardage,845-19-6100,M,29,521446.05
Rhea,Dewire,725-33-4907,F,60,132439.14
Winslow,Carbry,742-69-9241,M,43,583219.72
Chase,Sharpus,727-98-1188,M,58,522785.0
Gus,Minards,544-90-9022,F,31,125557.16
Bibi,Lowther,497-10-4049,F,69,231546.27
Roth,Essame,322-19-1060,M,68,103451.45
Simonette,Rodger,215-25-6409,F,62,879170.36
Steve,Marler,584-39-5747,M,22,719829.51
Davita,Rabier,448-84-2464,F,67,107171.2
Evangelin,Girth,668-19-8820,F,43,884831.15
Rafaelita,Picford,254-87-5689,F,70,579956.9
Celle,Sellors,847-71-1259,F,50,992961.84
Scotty,Damrell,220-08-3091,M,63,508695.02
Angie,Waplinton,719-46-2443,M,67,288806.4
Lefty,Lassells,238-29-6938,M,23,771749.01
Sapphira,Riguard,288-62-1797,F,63,375549.54
Libbie,Nowaczyk,324-91-5652,F,26,32311.06
Dita,MacGill,600-96-4744,F,52,278142.73
Jerrie,Anchor,105-09-7244,F,64,192253.99
Margret,Manes,251-07-2051,F,61,879887.0
Avigdor,Hearfield,242-16-8593,M,61,632870.0
Darin,McSkin,400-33-6933,M,45,604489.26
Rafaelia,McKernon,400-13-5048,F,53,113275.9
Honey,Barck,632-89-7501,F,31,271258.46
Estella,Spradbery,768-55-4043,F,72,984831.65
Luis,Heasman,385-15-2640,M,32,262868.07
Godfree,Kinzett,868-89-3870,M,55,57109.17
